,RMSE,MAPE
AAPL,14.781791977470807,5.331984988002852
GOOG,10.328744950753958,4.416336879178395
MSFT,27.52762193817462,4.353846875726255
TSLA,40.19036153520785,9.969238891046972
